{
 "templeR0013": [
  [
   0.9999999901362936,
   0.00011849232173624148,
   7.541208457737707e-05,
   9.05835405837272e-06
  ],
  [
   -0.00011849618614168979,
   0.9999999916664841,
   5.1241443918934286e-05,
   1.6990464957347273e-06
  ],
  [
   -7.540601223128329e-05,
   -5.125037945789587e-05,
   0.999999995843666,
   -3.4164707427387747e-06
  ]
 ],
 "templeR0042": [
  [
   -0.9998714108041086,
   -0.010975528206731859,
   0.011691862006750223,
   0.047144609919763214
  ],
  [
   0.01184553610595055,
   -0.9969495369519278,
   0.07714469551239071,
   -0.9975636622196342
  ],
  [
   0.010809492632139487,
   0.07727327191157422,
   0.9969513510282809,
   0.05146928061217201
  ]
 ],
 "templeR0044": [
  [
   -0.9987577997314221,
   -0.04958563273916337,
   0.004911466329448127,
   0.11458572743649544
  ],
  [
   0.04708431923495259,
   -0.9069040047355295,
   0.4186982124118037,
   -4.452253123924113
  ],
  [
   -0.01630718730589569,
   0.41840935842846017,
   0.9081121540986304,
   0.8773849748725902
  ]
 ],
 "templeR0032": [
  [
   -0.9226955743148684,
   -0.30838296566336587,
   -0.23137161370492831,
   2.38669027169326
  ],
  [
   0.08053050163687873,
   -0.7410694185014228,
   0.6665815443500336,
   -7.0081168173451385
  ],
  [
   -0.37702482072917687,
   0.5964193687755541,
   0.708615707632495,
   2.1642552778916038
  ]
 ],
 "templeR0034": [
  [
   -0.9207261371775536,
   -0.3477409278321746,
   -0.17703001843901822,
   1.8241411227998252
  ],
  [
   0.09302018963225686,
   -0.636199875983539,
   0.7658961823375989,
   -8.045465072303887
  ],
  [
   -0.37895992484546404,
   0.6887132675569334,
   0.6181127813370083,
   3.157217103758995
  ]
 ],
 "templeR0036": [
  [
   -0.94748302048162,
   -0.31147157533850045,
   -0.07253539587800399,
   0.7884566419424042
  ],
  [
   0.1062749330293902,
   -0.5205739648695534,
   0.8471767145699839,
   -8.928634701474747
  ],
  [
   -0.3016315045028031,
   0.7949768580632685,
   0.5263366134283558,
   4.409988102229658
  ]
 ],
 "templeR0038": [
  [
   -0.9555116733651559,
   -0.29455582696985805,
   0.015307085320948544,
   -0.09558647026814192
  ],
  [
   0.10162423998007901,
   -0.28005268246423975,
   0.9545904927732388,
   -10.01301341476963
  ],
  [
   -0.2768934017115451,
   0.9136779300402776,
   0.2975276192993217,
   6.894762633716637
  ]
 ],
 "templeR0015": [
  [
   0.9992689896472358,
   -0.037411794694318184,
   -0.007864092264389777,
   0.07609874816291198
  ],
  [
   0.037960321687654494,
   0.9466521312988329,
   0.3200136814024474,
   -3.2637499354536494
  ],
  [
   -0.004527726445186065,
   -0.3200782715604536,
   0.9473802825518959,
   0.4754605750143921
  ]
 ],
 "templeR0017": [
  [
   0.9966749710485763,
   -0.07598590871100101,
   -0.029413326277099774,
   0.29168447255254076
  ],
  [
   0.07890792064139972,
   0.8101421689050504,
   0.5808986195730469,
   -5.944390758754289
  ],
  [
   -0.02031113353238251,
   -0.5812880592607973,
   0.8134443127931043,
   1.808962883665493
  ]
 ],
 "templeR0019": [
  [
   0.9887021600561599,
   -0.14891365786981894,
   -0.017110265927631402,
   0.18422758827215113
  ],
  [
   0.10700049999437664,
   0.621226208586949,
   0.7762917562138851,
   -7.965695268850465
  ],
  [
   -0.10497109936185846,
   -0.7693521432117514,
   0.6301415301614771,
   3.6030867788380756
  ]
 ],
 "templeR0021": [
  [
   0.9869837871936247,
   -0.14006327826155893,
   -0.07902709598330747,
   0.8000479553754534
  ],
  [
   0.12766588897586204,
   0.38355459407389864,
   0.9146514604792416,
   -9.407319897359002
  ],
  [
   -0.09779787630072874,
   -0.9128352268878716,
   0.39644346878670533,
   6.005663152682347
  ]
 ]
}